[
    {
        "code": "TH-NON-PK",
        "name": "Pak Kret, Nonthaburi",
        "name2": "มอญปากเกร็ด"
    },
    {
        "code": "TH-PTE-KS",
        "name": "Khlong Si, Pathum Thani",
        "name2": "มอญคลองสี่ (ทุ่งรังสิต)"
    },
    {
        "code": "TH-LBR-BKM",
        "name": "Bang Khan Mak, Lop Buri -- [Dvaravati/Lavo]",
        "name2": "มอญบางขันหมาก (ทวารวดี/ละโว้)"
    },
    {
        "code": "TH-SKN-BP",
        "name": "Bang Pla, Samut Sakhon",
        "name2": "มอญบางปลา"
    },
    {
        "code": "TH-SKN-CR",
        "name": "Chet Rio, Samut Sakhon",
        "name2": "มอญเจ็ดริ้ว"
    },
    {
        "code": "TH-SKN-MON",
        "name": "Mon from Mon State, Samut Sakhon -- [Mon State]",
        "name2": "มอญจากรัฐมอญ (จ.สมุทรสาคร)"
    },
    {
        "code": "TH-SKM-BC",
        "name": "Bang Cha Kreng, Samut Songkhram",
        "name2": "มอญบางจะเกร็ง"
    },
    {
        "code": "TH-SPK-PP",
        "name": "Phra Pradaeng, Samut Prakan",
        "name2": "มอญปากลัด (มอญพระประแดง)"
    },
    {
        "code": "TH-BKK-BKD",
        "name": "Bang Kradi, Bangkok",
        "name2": "มอญบางกระดี่"
    },
    {
        "code": "TH-BKK-KM",
        "name": "Khlong Mon, Bangkok",
        "name2": "มอญเลียบคลองมอญ"
    },
    {
        "code": "TH-BKK-BSK",
        "name": "Bang Sai Kai, Bangkok",
        "name2": "มอญบางไส้ไก่"
    },
    {
        "code": "TH-BKK-BLP",
        "name": "Bang Lamphu, Bangkok",
        "name2": "มอญบางลำพู"
    },
    {
        "code": "TH-BKK-KSW",
        "name": "Khlong Sam Wa, Bangkok",
        "name2": "มอญคลองสามวา"
    },
    {
        "code": "TH-PTE-KM",
        "name": "Krathum Muet, Pathum Thani",
        "name2": "มอญกระทุ่มมืด"
    },
    {
        "code": "TH-AYA-SK",
        "name": "Sao Kradong, Phra Nakhon Si Ayutthaya",
        "name2": "มอญบ้านเสากระโดง"
    },
    {
        "code": "TH-KRI-SB",
        "name": "Sangkhla Buri, Kanchanaburi",
        "name2": "มอญสังขละบุรี"
    },
    {
        "code": "TH-KRI-SY",
        "name": "Sai Yok, Kanchanaburi",
        "name2": "มอญไทรโยค"
    },
    {
        "code": "TH-KRI-TM",
        "name": "Tha Maka, Kanchanaburi",
        "name2": "มอญท่ามะกา"
    },
    {
        "code": "TH-KRI-BW",
        "name": "Ban Wang Thong, Kanchanaburi",
        "name2": "มอญบ้านวังทอง"
    },
    {
        "code": "TH-RBR-BP",
        "name": "Ban Pong, Ratchaburi",
        "name2": "มอญบ้านโป่ง"
    },
    {
        "code": "TH-RBR-PT",
        "name": "Photharam, Ratchaburi",
        "name2": "มอญโพธาราม"
    },
    {
        "code": "TH-CMA-BM",
        "name": "Ban Meng, Chiang Mai",
        "name2": "มอญบ้านเม็ง"
    },
    {
        "code": "TH-CMI-BNK",
        "name": "Ban Nong Khrob, Chiang Mai -- [Hariphunchai]",
        "name2": "มอญบ้านหนองครอบ (หริภุญชัย)"
    },
    {
        "code": "TH-CMI-BKC",
        "name": "Ban Ko Chok, Chiang Mai -- [Hariphunchai]",
        "name2": "มอญบ้านกอโชค (หริภุญชัย)"
    },
    {
        "code": "TH-LPN-ND",
        "name": "Nong Du, Lamphun -- [Hariphunchai]",
        "name2": "มอญหนองดู่ (หริภุญชัย)"
    },
    {
        "code": "TH-UTI-BK",
        "name": "Ban Kao, Uthai Thani -- [Dvaravati]",
        "name2": "มอญบ้านเก่า (ทวารวดี)"
    },
    {
        "code": "TH-NKR-BPP",
        "name": "Ban Phra Pleung, Nakhon Ratchasima",
        "name2": "มอญบ้านพระเพลิง"
    },
    {
        "code": "TH-CPN-SL",
        "name": "Salui, Chumphon",
        "name2": "มอญสลุย"
    },
    {
        "code": "TH-PBR-BBL",
        "name": "Ban Bang Lamphu, Pethchaburi",
        "name2": "มอญบ้านบางลำภู"
    },
    {
        "code": "TH-SPK-TK",
        "name": "Ban Thoong Khen, Suphanburi",
        "name2": "มอญบ้านทุ่งเข็น"
    },
    {
        "code": "TH-NSN-BM",
        "name": "Ban Mon, Nakhon Sawan -- [Dvaravati]",
        "name2": "บ้านมอญ นครสวรรค์ (ทวารวดี)"
    },
    {
        "code": "TH-TRT-MON",
        "name": "Mon from Mon State, Trat -- [Mon State]",
        "name2": "มอญจากรัฐมอญ (จ.ตราด)"
    },
    {
        "code": "TH-PHK-MON",
        "name": "Mon-Burmese Community, Phuket -- [Mon State]",
        "name2": "ชุมชนมอญ-พม่า (จ.ภูเก็ต)"
    },
    {
        "code": "MM-MON-MWL",
        "name": "Mawlamyine, Mon State [Martaban/Hanthawaddy]",
        "name2": "မတ်မလီု"
    },
    {
        "code": "MM-MON-THN",
        "name": "Thaton, Mon State [Suvarnabhumi]",
        "name2": "သဓီု"
    },
    {
        "code": "MM-MON-MUD",
        "name": "Mudon, Mon State",
        "name2": "မုဟ်ဍုင်"
    },
    {
        "code": "MM-MON-KYK",
        "name": "Kyaikmaraw, Mon State",
        "name2": "ကျာ်မြဟ်"
    },
    {
        "code": "MM-MON-YE",
        "name": "Ye, Mon State",
        "name2": "ရေဝ်"
    },
    {
        "code": "MM-MON-KYT",
        "name": "Kyaikto, Mon State",
        "name2": "ကျာ်ထဝ်"
    },
    {
        "code": "MM-MON-BIL",
        "name": "Bilin, Mon State",
        "name2": "ၜဳကလေၚ်"
    },
    {
        "code": "MM-MON-CHA",
        "name": "Chaungzon, Mon State",
        "name2": "ၜါသွာၚ်"
    },
    {
        "code": "MM-MON-THB",
        "name": "Thanbyuzayat, Mon State",
        "name2": "ဇြပ်ဗု"
    },
    {
        "code": "MM-MON-PAU",
        "name": "Paung, Mon State",
        "name2": "ပံၚ်"
    },
    {
        "code": "MM-BGO-BGO",
        "name": "Bago, Bago Region [Hanthawaddy]",
        "name2": "ဗဂေါ (ဟံသာဝတဳ)"
    },
    {
        "code": "MM-YAN-YAN",
        "name": "Yangon, Yangon Region [Dagon]",
        "name2": "လ္ဂုင် (ဒဂုၚ်)"
    },
    {
        "code": "MM-AYY-PTN",
        "name": "Pathein, Ayeyarwady Region [Pathein]",
        "name2": "ဖာသီ"
    },
    {
        "code": "MM-YYU-DAW",
        "name": "Yebyu, Dawei, Tanintharyi Region",
        "name2": "ဍာ်ဗု"
    },
    {
        "code": "MM-KAY-HPA",
        "name": "Hpa-an, Kayin State",
        "name2": "ဘာအၚ်"
    },
    {
        "code": "MM-KAY-KKR",
        "name": "Kawkareik, Kayin State",
        "name2": "ဍုၚ်ကအ်ကြိက်"
    },
    {
        "code": "MM-KAY-KSK",
        "name": "Kyainseikgyi, Kayin State",
        "name2": "ဍုၚ်လှာဒကှ်"
    },
    {
        "code": "MM-KAY-PTZ",
        "name": "Payathonzu, Kayin State",
        "name2": "ကျာ်ပိ"
    },
    {
        "code": "US-IN-FTW",
        "name": "Fort Wayne, Indiana, USA [Mon Diaspora]",
        "name2": "ဝတ်ဖတ်ဝေန်"
    },
    {
        "code": "US-OH-AKR",
        "name": "Akron, Ohio, USA [Mon Diaspora]",
        "name2": "ဝတ်အကြန်"
    },
    {
        "code": "US-TX-AUS",
        "name": "Austin, Texas, USA [Mon Diaspora]",
        "name2": "ဝတ်အဝ်သတေန်"
    },
    {
        "code": "US-NC-NBN",
        "name": "New Bern, North Carolina, USA [Mon Diaspora]",
        "name2": "ဝတ်နယူဗေန်"
    },
    {
        "code": "CA-ON-TOR",
        "name": "Toronto, Ontario, Canada [Mon Diaspora]",
        "name2": "တဝ်ရောန်တဝ်"
    },
    {
        "code": "AU-VIC-MEL",
        "name": "Melbourne, Victoria, Australia [Mon Diaspora]",
        "name2": "မေလ်ဗန်"
    },
    {
        "code": "AU-NSW-SYD",
        "name": "Sydney, New South Wales, Australia [Mon Diaspora]",
        "name2": "သိဒ်နဳ"
    },
    {
        "code": "FI-HEL-HEL",
        "name": "Helsinki, Finland [Mon Diaspora]",
        "name2": "ဟေလ်သိန်းကဳ"
    },
    {
        "code": "NO-OSL-OSL",
        "name": "Oslo, Norway [Mon Diaspora]",
        "name2": "အဝ်သလိုဝ်"
    },
    {
        "code": "JP-KNG-YKH",
        "name": "Yokohama, Kanagawa, Japan [Mon Diaspora]",
        "name2": "ယဝ်ကိုဝ်ဟာမာ"
    },
    {
        "code": "KR-GNG-ANS",
        "name": "Ansan, Gyeonggi, South Korea [Mon Diaspora]",
        "name2": "အန်သာန်"
    },
    {
        "code": "SG-SG-SG",
        "name": "Singapore, Singapore [Mon Diaspora]",
        "name2": "သိင်္ဂပူရ်"
    }
]